variant_id,hgvs_like,position,region,exon_relative_pos,ref,alt,is_critical_c6t_reversion,spliceai_delta_acceptor,spliceai_delta_donor,spliceai_max_delta
T1A,c.1T>A,0,intron_6,-100,T,A,False,,,
T1C,c.1T>C,0,intron_6,-100,T,C,False,,,
T1G,c.1T>G,0,intron_6,-100,T,G,False,,,
T2A,c.2T>A,1,intron_6,-99,T,A,False,,,
T2C,c.2T>C,1,intron_6,-99,T,C,False,,,
T2G,c.2T>G,1,intron_6,-99,T,G,False,,,
A3C,c.3A>C,2,intron_6,-98,A,C,False,,,
A3G,c.3A>G,2,intron_6,-98,A,G,False,,,
A3T,c.3A>T,2,intron_6,-98,A,T,False,,,
T4A,c.4T>A,3,intron_6,-97,T,A,False,,,
T4C,c.4T>C,3,intron_6,-97,T,C,False,,,
T4G,c.4T>G,3,intron_6,-97,T,G,False,,,
T5A,c.5T>A,4,intron_6,-96,T,A,False,,,
T5C,c.5T>C,4,intron_6,-96,T,C,False,,,
T5G,c.5T>G,4,intron_6,-96,T,G,False,,,
T6A,c.6T>A,5,intron_6,-95,T,A,False,,,
T6C,c.6T>C,5,intron_6,-95,T,C,False,,,
T6G,c.6T>G,5,intron_6,-95,T,G,False,,,
T7A,c.7T>A,6,intron_6,-94,T,A,False,,,
T7C,c.7T>C,6,intron_6,-94,T,C,False,,,
T7G,c.7T>G,6,intron_6,-94,T,G,False,,,
C8A,c.8C>A,7,intron_6,-93,C,A,False,,,
C8G,c.8C>G,7,intron_6,-93,C,G,False,,,
C8T,c.8C>T,7,intron_6,-93,C,T,False,,,
C9A,c.9C>A,8,intron_6,-92,C,A,False,,,
C9G,c.9C>G,8,intron_6,-92,C,G,False,,,
C9T,c.9C>T,8,intron_6,-92,C,T,False,,,
T10A,c.10T>A,9,intron_6,-91,T,A,False,,,
T10C,c.10T>C,9,intron_6,-91,T,C,False,,,
T10G,c.10T>G,9,intron_6,-91,T,G,False,,,
T11A,c.11T>A,10,intron_6,-90,T,A,False,,,
T11C,c.11T>C,10,intron_6,-90,T,C,False,,,
T11G,c.11T>G,10,intron_6,-90,T,G,False,,,
A12C,c.12A>C,11,intron_6,-89,A,C,False,,,
A12G,c.12A>G,11,intron_6,-89,A,G,False,,,
A12T,c.12A>T,11,intron_6,-89,A,T,False,,,
C13A,c.13C>A,12,intron_6,-88,C,A,False,,,
C13G,c.13C>G,12,intron_6,-88,C,G,False,,,
C13T,c.13C>T,12,intron_6,-88,C,T,False,,,
A14C,c.14A>C,13,intron_6,-87,A,C,False,,,
A14G,c.14A>G,13,intron_6,-87,A,G,False,,,
A14T,c.14A>T,13,intron_6,-87,A,T,False,,,
G15A,c.15G>A,14,intron_6,-86,G,A,False,,,
G15C,c.15G>C,14,intron_6,-86,G,C,False,,,
G15T,c.15G>T,14,intron_6,-86,G,T,False,,,
G16A,c.16G>A,15,intron_6,-85,G,A,False,,,
G16C,c.16G>C,15,intron_6,-85,G,C,False,,,
G16T,c.16G>T,15,intron_6,-85,G,T,False,,,
G17A,c.17G>A,16,intron_6,-84,G,A,False,,,
G17C,c.17G>C,16,intron_6,-84,G,C,False,,,
G17T,c.17G>T,16,intron_6,-84,G,T,False,,,
T18A,c.18T>A,17,intron_6,-83,T,A,False,,,
T18C,c.18T>C,17,intron_6,-83,T,C,False,,,
T18G,c.18T>G,17,intron_6,-83,T,G,False,,,
T19A,c.19T>A,18,intron_6,-82,T,A,False,,,
T19C,c.19T>C,18,intron_6,-82,T,C,False,,,
T19G,c.19T>G,18,intron_6,-82,T,G,False,,,
T20A,c.20T>A,19,intron_6,-81,T,A,False,,,
T20C,c.20T>C,19,intron_6,-81,T,C,False,,,
T20G,c.20T>G,19,intron_6,-81,T,G,False,,,
C21A,c.21C>A,20,intron_6,-80,C,A,False,,,
C21G,c.21C>G,20,intron_6,-80,C,G,False,,,
C21T,c.21C>T,20,intron_6,-80,C,T,False,,,
A22C,c.22A>C,21,intron_6,-79,A,C,False,,,
A22G,c.22A>G,21,intron_6,-79,A,G,False,,,
A22T,c.22A>T,21,intron_6,-79,A,T,False,,,
G23A,c.23G>A,22,intron_6,-78,G,A,False,,,
G23C,c.23G>C,22,intron_6,-78,G,C,False,,,
G23T,c.23G>T,22,intron_6,-78,G,T,False,,,
A24C,c.24A>C,23,intron_6,-77,A,C,False,,,
A24G,c.24A>G,23,intron_6,-77,A,G,False,,,
A24T,c.24A>T,23,intron_6,-77,A,T,False,,,
C25A,c.25C>A,24,intron_6,-76,C,A,False,,,
C25G,c.25C>G,24,intron_6,-76,C,G,False,,,
C25T,c.25C>T,24,intron_6,-76,C,T,False,,,
A26C,c.26A>C,25,intron_6,-75,A,C,False,,,
A26G,c.26A>G,25,intron_6,-75,A,G,False,,,
A26T,c.26A>T,25,intron_6,-75,A,T,False,,,
A27C,c.27A>C,26,intron_6,-74,A,C,False,,,
A27G,c.27A>G,26,intron_6,-74,A,G,False,,,
A27T,c.27A>T,26,intron_6,-74,A,T,False,,,
A28C,c.28A>C,27,intron_6,-73,A,C,False,,,
A28G,c.28A>G,27,intron_6,-73,A,G,False,,,
A28T,c.28A>T,27,intron_6,-73,A,T,False,,,
A29C,c.29A>C,28,intron_6,-72,A,C,False,,,
A29G,c.29A>G,28,intron_6,-72,A,G,False,,,
A29T,c.29A>T,28,intron_6,-72,A,T,False,,,
T30A,c.30T>A,29,intron_6,-71,T,A,False,,,
T30C,c.30T>C,29,intron_6,-71,T,C,False,,,
T30G,c.30T>G,29,intron_6,-71,T,G,False,,,
C31A,c.31C>A,30,intron_6,-70,C,A,False,,,
C31G,c.31C>G,30,intron_6,-70,C,G,False,,,
C31T,c.31C>T,30,intron_6,-70,C,T,False,,,
A32C,c.32A>C,31,intron_6,-69,A,C,False,,,
A32G,c.32A>G,31,intron_6,-69,A,G,False,,,
A32T,c.32A>T,31,intron_6,-69,A,T,False,,,
A33C,c.33A>C,32,intron_6,-68,A,C,False,,,
A33G,c.33A>G,32,intron_6,-68,A,G,False,,,
A33T,c.33A>T,32,intron_6,-68,A,T,False,,,
A34C,c.34A>C,33,intron_6,-67,A,C,False,,,
A34G,c.34A>G,33,intron_6,-67,A,G,False,,,
A34T,c.34A>T,33,intron_6,-67,A,T,False,,,
A35C,c.35A>C,34,intron_6,-66,A,C,False,,,
A35G,c.35A>G,34,intron_6,-66,A,G,False,,,
A35T,c.35A>T,34,intron_6,-66,A,T,False,,,
A36C,c.36A>C,35,intron_6,-65,A,C,False,,,
A36G,c.36A>G,35,intron_6,-65,A,G,False,,,
A36T,c.36A>T,35,intron_6,-65,A,T,False,,,
G37A,c.37G>A,36,intron_6,-64,G,A,False,,,
G37C,c.37G>C,36,intron_6,-64,G,C,False,,,
G37T,c.37G>T,36,intron_6,-64,G,T,False,,,
A38C,c.38A>C,37,intron_6,-63,A,C,False,,,
A38G,c.38A>G,37,intron_6,-63,A,G,False,,,
A38T,c.38A>T,37,intron_6,-63,A,T,False,,,
A39C,c.39A>C,38,intron_6,-62,A,C,False,,,
A39G,c.39A>G,38,intron_6,-62,A,G,False,,,
A39T,c.39A>T,38,intron_6,-62,A,T,False,,,
G40A,c.40G>A,39,intron_6,-61,G,A,False,,,
G40C,c.40G>C,39,intron_6,-61,G,C,False,,,
G40T,c.40G>T,39,intron_6,-61,G,T,False,,,
G41A,c.41G>A,40,intron_6,-60,G,A,False,,,
G41C,c.41G>C,40,intron_6,-60,G,C,False,,,
G41T,c.41G>T,40,intron_6,-60,G,T,False,,,
A42C,c.42A>C,41,intron_6,-59,A,C,False,,,
A42G,c.42A>G,41,intron_6,-59,A,G,False,,,
A42T,c.42A>T,41,intron_6,-59,A,T,False,,,
A43C,c.43A>C,42,intron_6,-58,A,C,False,,,
A43G,c.43A>G,42,intron_6,-58,A,G,False,,,
A43T,c.43A>T,42,intron_6,-58,A,T,False,,,
G44A,c.44G>A,43,intron_6,-57,G,A,False,,,
G44C,c.44G>C,43,intron_6,-57,G,C,False,,,
G44T,c.44G>T,43,intron_6,-57,G,T,False,,,
G45A,c.45G>A,44,intron_6,-56,G,A,False,,,
G45C,c.45G>C,44,intron_6,-56,G,C,False,,,
G45T,c.45G>T,44,intron_6,-56,G,T,False,,,
T46A,c.46T>A,45,intron_6,-55,T,A,False,,,
T46C,c.46T>C,45,intron_6,-55,T,C,False,,,
T46G,c.46T>G,45,intron_6,-55,T,G,False,,,
G47A,c.47G>A,46,intron_6,-54,G,A,False,,,
G47C,c.47G>C,46,intron_6,-54,G,C,False,,,
G47T,c.47G>T,46,intron_6,-54,G,T,False,,,
C48A,c.48C>A,47,intron_6,-53,C,A,False,,,
C48G,c.48C>G,47,intron_6,-53,C,G,False,,,
C48T,c.48C>T,47,intron_6,-53,C,T,False,,,
T49A,c.49T>A,48,intron_6,-52,T,A,False,,,
T49C,c.49T>C,48,intron_6,-52,T,C,False,,,
T49G,c.49T>G,48,intron_6,-52,T,G,False,,,
C50A,c.50C>A,49,intron_6,-51,C,A,False,,,
C50G,c.50C>G,49,intron_6,-51,C,G,False,,,
C50T,c.50C>T,49,intron_6,-51,C,T,False,,,
A51C,c.51A>C,50,intron_6,-50,A,C,False,,,
A51G,c.51A>G,50,intron_6,-50,A,G,False,,,
A51T,c.51A>T,50,intron_6,-50,A,T,False,,,
C52A,c.52C>A,51,intron_6,-49,C,A,False,,,
C52G,c.52C>G,51,intron_6,-49,C,G,False,,,
C52T,c.52C>T,51,intron_6,-49,C,T,False,,,
A53C,c.53A>C,52,intron_6,-48,A,C,False,,,
A53G,c.53A>G,52,intron_6,-48,A,G,False,,,
A53T,c.53A>T,52,intron_6,-48,A,T,False,,,
T54A,c.54T>A,53,intron_6,-47,T,A,False,,,
T54C,c.54T>C,53,intron_6,-47,T,C,False,,,
T54G,c.54T>G,53,intron_6,-47,T,G,False,,,
T55A,c.55T>A,54,intron_6,-46,T,A,False,,,
T55C,c.55T>C,54,intron_6,-46,T,C,False,,,
T55G,c.55T>G,54,intron_6,-46,T,G,False,,,
C56A,c.56C>A,55,intron_6,-45,C,A,False,,,
C56G,c.56C>G,55,intron_6,-45,C,G,False,,,
C56T,c.56C>T,55,intron_6,-45,C,T,False,,,
C57A,c.57C>A,56,intron_6,-44,C,A,False,,,
C57G,c.57C>G,56,intron_6,-44,C,G,False,,,
C57T,c.57C>T,56,intron_6,-44,C,T,False,,,
T58A,c.58T>A,57,intron_6,-43,T,A,False,,,
T58C,c.58T>C,57,intron_6,-43,T,C,False,,,
T58G,c.58T>G,57,intron_6,-43,T,G,False,,,
T59A,c.59T>A,58,intron_6,-42,T,A,False,,,
T59C,c.59T>C,58,intron_6,-42,T,C,False,,,
T59G,c.59T>G,58,intron_6,-42,T,G,False,,,
A60C,c.60A>C,59,intron_6,-41,A,C,False,,,
A60G,c.60A>G,59,intron_6,-41,A,G,False,,,
A60T,c.60A>T,59,intron_6,-41,A,T,False,,,
A61C,c.61A>C,60,intron_6,-40,A,C,False,,,
A61G,c.61A>G,60,intron_6,-40,A,G,False,,,
A61T,c.61A>T,60,intron_6,-40,A,T,False,,,
A62C,c.62A>C,61,intron_6,-39,A,C,False,,,
A62G,c.62A>G,61,intron_6,-39,A,G,False,,,
A62T,c.62A>T,61,intron_6,-39,A,T,False,,,
T63A,c.63T>A,62,intron_6,-38,T,A,False,,,
T63C,c.63T>C,62,intron_6,-38,T,C,False,,,
T63G,c.63T>G,62,intron_6,-38,T,G,False,,,
T64A,c.64T>A,63,intron_6,-37,T,A,False,,,
T64C,c.64T>C,63,intron_6,-37,T,C,False,,,
T64G,c.64T>G,63,intron_6,-37,T,G,False,,,
A65C,c.65A>C,64,intron_6,-36,A,C,False,,,
A65G,c.65A>G,64,intron_6,-36,A,G,False,,,
A65T,c.65A>T,64,intron_6,-36,A,T,False,,,
A66C,c.66A>C,65,intron_6,-35,A,C,False,,,
A66G,c.66A>G,65,intron_6,-35,A,G,False,,,
A66T,c.66A>T,65,intron_6,-35,A,T,False,,,
G67A,c.67G>A,66,intron_6,-34,G,A,False,,,
G67C,c.67G>C,66,intron_6,-34,G,C,False,,,
G67T,c.67G>T,66,intron_6,-34,G,T,False,,,
G68A,c.68G>A,67,intron_6,-33,G,A,False,,,
G68C,c.68G>C,67,intron_6,-33,G,C,False,,,
G68T,c.68G>T,67,intron_6,-33,G,T,False,,,
A69C,c.69A>C,68,intron_6,-32,A,C,False,,,
A69G,c.69A>G,68,intron_6,-32,A,G,False,,,
A69T,c.69A>T,68,intron_6,-32,A,T,False,,,
G70A,c.70G>A,69,intron_6,-31,G,A,False,,,
G70C,c.70G>C,69,intron_6,-31,G,C,False,,,
G70T,c.70G>T,69,intron_6,-31,G,T,False,,,
T71A,c.71T>A,70,intron_6,-30,T,A,False,,,
T71C,c.71T>C,70,intron_6,-30,T,C,False,,,
T71G,c.71T>G,70,intron_6,-30,T,G,False,,,
A72C,c.72A>C,71,intron_6,-29,A,C,False,,,
A72G,c.72A>G,71,intron_6,-29,A,G,False,,,
A72T,c.72A>T,71,intron_6,-29,A,T,False,,,
A73C,c.73A>C,72,intron_6,-28,A,C,False,,,
A73G,c.73A>G,72,intron_6,-28,A,G,False,,,
A73T,c.73A>T,72,intron_6,-28,A,T,False,,,
G74A,c.74G>A,73,intron_6,-27,G,A,False,,,
G74C,c.74G>C,73,intron_6,-27,G,C,False,,,
G74T,c.74G>T,73,intron_6,-27,G,T,False,,,
T75A,c.75T>A,74,intron_6,-26,T,A,False,,,
T75C,c.75T>C,74,intron_6,-26,T,C,False,,,
T75G,c.75T>G,74,intron_6,-26,T,G,False,,,
C76A,c.76C>A,75,intron_6,-25,C,A,False,,,
C76G,c.76C>G,75,intron_6,-25,C,G,False,,,
C76T,c.76C>T,75,intron_6,-25,C,T,False,,,
T77A,c.77T>A,76,intron_6,-24,T,A,False,,,
T77C,c.77T>C,76,intron_6,-24,T,C,False,,,
T77G,c.77T>G,76,intron_6,-24,T,G,False,,,
G78A,c.78G>A,77,intron_6,-23,G,A,False,,,
G78C,c.78G>C,77,intron_6,-23,G,C,False,,,
G78T,c.78G>T,77,intron_6,-23,G,T,False,,,
C79A,c.79C>A,78,intron_6,-22,C,A,False,,,
C79G,c.79C>G,78,intron_6,-22,C,G,False,,,
C79T,c.79C>T,78,intron_6,-22,C,T,False,,,
C80A,c.80C>A,79,intron_6,-21,C,A,False,,,
C80G,c.80C>G,79,intron_6,-21,C,G,False,,,
C80T,c.80C>T,79,intron_6,-21,C,T,False,,,
A81C,c.81A>C,80,intron_6,-20,A,C,False,,,
A81G,c.81A>G,80,intron_6,-20,A,G,False,,,
A81T,c.81A>T,80,intron_6,-20,A,T,False,,,
G82A,c.82G>A,81,intron_6,-19,G,A,False,,,
G82C,c.82G>C,81,intron_6,-19,G,C,False,,,
G82T,c.82G>T,81,intron_6,-19,G,T,False,,,
C83A,c.83C>A,82,intron_6,-18,C,A,False,,,
C83G,c.83C>G,82,intron_6,-18,C,G,False,,,
C83T,c.83C>T,82,intron_6,-18,C,T,False,,,
A84C,c.84A>C,83,intron_6,-17,A,C,False,,,
A84G,c.84A>G,83,intron_6,-17,A,G,False,,,
A84T,c.84A>T,83,intron_6,-17,A,T,False,,,
T85A,c.85T>A,84,intron_6,-16,T,A,False,,,
T85C,c.85T>C,84,intron_6,-16,T,C,False,,,
T85G,c.85T>G,84,intron_6,-16,T,G,False,,,
T86A,c.86T>A,85,intron_6,-15,T,A,False,,,
T86C,c.86T>C,85,intron_6,-15,T,C,False,,,
T86G,c.86T>G,85,intron_6,-15,T,G,False,,,
A87C,c.87A>C,86,intron_6,-14,A,C,False,,,
A87G,c.87A>G,86,intron_6,-14,A,G,False,,,
A87T,c.87A>T,86,intron_6,-14,A,T,False,,,
T88A,c.88T>A,87,intron_6,-13,T,A,False,,,
T88C,c.88T>C,87,intron_6,-13,T,C,False,,,
T88G,c.88T>G,87,intron_6,-13,T,G,False,,,
G89A,c.89G>A,88,intron_6,-12,G,A,False,,,
G89C,c.89G>C,88,intron_6,-12,G,C,False,,,
G89T,c.89G>T,88,intron_6,-12,G,T,False,,,
A90C,c.90A>C,89,intron_6,-11,A,C,False,,,
A90G,c.90A>G,89,intron_6,-11,A,G,False,,,
A90T,c.90A>T,89,intron_6,-11,A,T,False,,,
A91C,c.91A>C,90,intron_6,-10,A,C,False,,,
A91G,c.91A>G,90,intron_6,-10,A,G,False,,,
A91T,c.91A>T,90,intron_6,-10,A,T,False,,,
A92C,c.92A>C,91,intron_6,-9,A,C,False,,,
A92G,c.92A>G,91,intron_6,-9,A,G,False,,,
A92T,c.92A>T,91,intron_6,-9,A,T,False,,,
G93A,c.93G>A,92,intron_6,-8,G,A,False,,,
G93C,c.93G>C,92,intron_6,-8,G,C,False,,,
G93T,c.93G>T,92,intron_6,-8,G,T,False,,,
T94A,c.94T>A,93,intron_6,-7,T,A,False,,,
T94C,c.94T>C,93,intron_6,-7,T,C,False,,,
T94G,c.94T>G,93,intron_6,-7,T,G,False,,,
G95A,c.95G>A,94,intron_6,-6,G,A,False,,,
G95C,c.95G>C,94,intron_6,-6,G,C,False,,,
G95T,c.95G>T,94,intron_6,-6,G,T,False,,,
A96C,c.96A>C,95,intron_6,-5,A,C,False,,,
A96G,c.96A>G,95,intron_6,-5,A,G,False,,,
A96T,c.96A>T,95,intron_6,-5,A,T,False,,,
A97C,c.97A>C,96,intron_6,-4,A,C,False,,,
A97G,c.97A>G,96,intron_6,-4,A,G,False,,,
A97T,c.97A>T,96,intron_6,-4,A,T,False,,,
T98A,c.98T>A,97,intron_6,-3,T,A,False,,,
T98C,c.98T>C,97,intron_6,-3,T,C,False,,,
T98G,c.98T>G,97,intron_6,-3,T,G,False,,,
C99A,c.99C>A,98,intron_6,-2,C,A,False,,,
C99G,c.99C>G,98,intron_6,-2,C,G,False,,,
C99T,c.99C>T,98,intron_6,-2,C,T,False,,,
T100A,c.100T>A,99,intron_6,-1,T,A,False,,,
T100C,c.100T>C,99,intron_6,-1,T,C,False,,,
T100G,c.100T>G,99,intron_6,-1,T,G,False,,,
T101A,c.101T>A,100,exon_7,1,T,A,False,,,
T101C,c.101T>C,100,exon_7,1,T,C,False,,,
T101G,c.101T>G,100,exon_7,1,T,G,False,,,
A102C,c.102A>C,101,exon_7,2,A,C,False,,,
A102G,c.102A>G,101,exon_7,2,A,G,False,,,
A102T,c.102A>T,101,exon_7,2,A,T,False,,,
C103A,c.103C>A,102,exon_7,3,C,A,False,,,
C103G,c.103C>G,102,exon_7,3,C,G,False,,,
C103T,c.103C>T,102,exon_7,3,C,T,False,,,
A104C,c.104A>C,103,exon_7,4,A,C,False,,,
A104G,c.104A>G,103,exon_7,4,A,G,False,,,
A104T,c.104A>T,103,exon_7,4,A,T,False,,,
A105C,c.105A>C,104,exon_7,5,A,C,False,,,
A105G,c.105A>G,104,exon_7,5,A,G,False,,,
A105T,c.105A>T,104,exon_7,5,A,T,False,,,
A106C,c.106A>C,105,exon_7,6,A,C,False,,,
A106G,c.106A>G,105,exon_7,6,A,G,False,,,
A106T,c.106A>T,105,exon_7,6,A,T,False,,,
A107C,c.107A>C,106,exon_7,7,A,C,False,,,
A107G,c.107A>G,106,exon_7,7,A,G,False,,,
A107T,c.107A>T,106,exon_7,7,A,T,False,,,
G108A,c.108G>A,107,exon_7,8,G,A,False,,,
G108C,c.108G>C,107,exon_7,8,G,C,False,,,
G108T,c.108G>T,107,exon_7,8,G,T,False,,,
A109C,c.109A>C,108,exon_7,9,A,C,False,,,
A109G,c.109A>G,108,exon_7,9,A,G,False,,,
A109T,c.109A>T,108,exon_7,9,A,T,False,,,
A110C,c.110A>C,109,exon_7,10,A,C,False,,,
A110G,c.110A>G,109,exon_7,10,A,G,False,,,
A110T,c.110A>T,109,exon_7,10,A,T,False,,,
G111A,c.111G>A,110,exon_7,11,G,A,False,,,
G111C,c.111G>C,110,exon_7,11,G,C,False,,,
G111T,c.111G>T,110,exon_7,11,G,T,False,,,
G112A,c.112G>A,111,exon_7,12,G,A,False,,,
G112C,c.112G>C,111,exon_7,12,G,C,False,,,
G112T,c.112G>T,111,exon_7,12,G,T,False,,,
A113C,c.113A>C,112,exon_7,13,A,C,False,,,
A113G,c.113A>G,112,exon_7,13,A,G,False,,,
A113T,c.113A>T,112,exon_7,13,A,T,False,,,
A114C,c.114A>C,113,exon_7,14,A,C,False,,,
A114G,c.114A>G,113,exon_7,14,A,G,False,,,
A114T,c.114A>T,113,exon_7,14,A,T,False,,,
C115A,c.115C>A,114,exon_7,15,C,A,False,,,
C115G,c.115C>G,114,exon_7,15,C,G,False,,,
C115T,c.115C>T,114,exon_7,15,C,T,False,,,
G116A,c.116G>A,115,exon_7,16,G,A,False,,,
G116C,c.116G>C,115,exon_7,16,G,C,False,,,
G116T,c.116G>T,115,exon_7,16,G,T,False,,,
T117A,c.117T>A,116,exon_7,17,T,A,False,,,
T117C,c.117T>C,116,exon_7,17,T,C,False,,,
T117G,c.117T>G,116,exon_7,17,T,G,False,,,
A118C,c.118A>C,117,exon_7,18,A,C,False,,,
A118G,c.118A>G,117,exon_7,18,A,G,False,,,
A118T,c.118A>T,117,exon_7,18,A,T,False,,,
A119C,c.119A>C,118,exon_7,19,A,C,False,,,
A119G,c.119A>G,118,exon_7,19,A,G,False,,,
A119T,c.119A>T,118,exon_7,19,A,T,False,,,
G120A,c.120G>A,119,exon_7,20,G,A,False,,,
G120C,c.120G>C,119,exon_7,20,G,C,False,,,
G120T,c.120G>T,119,exon_7,20,G,T,False,,,
G121A,c.121G>A,120,exon_7,21,G,A,False,,,
G121C,c.121G>C,120,exon_7,21,G,C,False,,,
G121T,c.121G>T,120,exon_7,21,G,T,False,,,
A122C,c.122A>C,121,exon_7,22,A,C,False,,,
A122G,c.122A>G,121,exon_7,22,A,G,False,,,
A122T,c.122A>T,121,exon_7,22,A,T,False,,,
A123C,c.123A>C,122,exon_7,23,A,C,False,,,
A123G,c.123A>G,122,exon_7,23,A,G,False,,,
A123T,c.123A>T,122,exon_7,23,A,T,False,,,
A124C,c.124A>C,123,exon_7,24,A,C,False,,,
A124G,c.124A>G,123,exon_7,24,A,G,False,,,
A124T,c.124A>T,123,exon_7,24,A,T,False,,,
T125A,c.125T>A,124,exon_7,25,T,A,False,,,
T125C,c.125T>C,124,exon_7,25,T,C,False,,,
T125G,c.125T>G,124,exon_7,25,T,G,False,,,
G126A,c.126G>A,125,exon_7,26,G,A,False,,,
G126C,c.126G>C,125,exon_7,26,G,C,False,,,
G126T,c.126G>T,125,exon_7,26,G,T,False,,,
C127A,c.127C>A,126,exon_7,27,C,A,False,,,
C127G,c.127C>G,126,exon_7,27,C,G,False,,,
C127T,c.127C>T,126,exon_7,27,C,T,False,,,
A128C,c.128A>C,127,exon_7,28,A,C,False,,,
A128G,c.128A>G,127,exon_7,28,A,G,False,,,
A128T,c.128A>T,127,exon_7,28,A,T,False,,,
A129C,c.129A>C,128,exon_7,29,A,C,False,,,
A129G,c.129A>G,128,exon_7,29,A,G,False,,,
A129T,c.129A>T,128,exon_7,29,A,T,False,,,
A130C,c.130A>C,129,exon_7,30,A,C,False,,,
A130G,c.130A>G,129,exon_7,30,A,G,False,,,
A130T,c.130A>T,129,exon_7,30,A,T,False,,,
T131A,c.131T>A,130,exon_7,31,T,A,False,,,
T131C,c.131T>C,130,exon_7,31,T,C,False,,,
T131G,c.131T>G,130,exon_7,31,T,G,False,,,
G132A,c.132G>A,131,exon_7,32,G,A,False,,,
G132C,c.132G>C,131,exon_7,32,G,C,False,,,
G132T,c.132G>T,131,exon_7,32,G,T,False,,,
A133C,c.133A>C,132,exon_7,33,A,C,False,,,
A133G,c.133A>G,132,exon_7,33,A,G,False,,,
A133T,c.133A>T,132,exon_7,33,A,T,False,,,
A134C,c.134A>C,133,exon_7,34,A,C,False,,,
A134G,c.134A>G,133,exon_7,34,A,G,False,,,
A134T,c.134A>T,133,exon_7,34,A,T,False,,,
A135C,c.135A>C,134,exon_7,35,A,C,False,,,
A135G,c.135A>G,134,exon_7,35,A,G,False,,,
A135T,c.135A>T,134,exon_7,35,A,T,False,,,
G136A,c.136G>A,135,exon_7,36,G,A,False,,,
G136C,c.136G>C,135,exon_7,36,G,C,False,,,
G136T,c.136G>T,135,exon_7,36,G,T,False,,,
C137A,c.137C>A,136,exon_7,37,C,A,False,,,
C137G,c.137C>G,136,exon_7,37,C,G,False,,,
C137T,c.137C>T,136,exon_7,37,C,T,False,,,
C138A,c.138C>A,137,exon_7,38,C,A,False,,,
C138G,c.138C>G,137,exon_7,38,C,G,False,,,
C138T,c.138C>T,137,exon_7,38,C,T,False,,,
A139C,c.139A>C,138,exon_7,39,A,C,False,,,
A139G,c.139A>G,138,exon_7,39,A,G,False,,,
A139T,c.139A>T,138,exon_7,39,A,T,False,,,
A140C,c.140A>C,139,exon_7,40,A,C,False,,,
A140G,c.140A>G,139,exon_7,40,A,G,False,,,
A140T,c.140A>T,139,exon_7,40,A,T,False,,,
G141A,c.141G>A,140,exon_7,41,G,A,False,,,
G141C,c.141G>C,140,exon_7,41,G,C,False,,,
G141T,c.141G>T,140,exon_7,41,G,T,False,,,
T142A,c.142T>A,141,exon_7,42,T,A,False,,,
T142C,c.142T>C,141,exon_7,42,T,C,False,,,
T142G,c.142T>G,141,exon_7,42,T,G,False,,,
C143A,c.143C>A,142,exon_7,43,C,A,False,,,
C143G,c.143C>G,142,exon_7,43,C,G,False,,,
C143T,c.143C>T,142,exon_7,43,C,T,False,,,
T144A,c.144T>A,143,exon_7,44,T,A,False,,,
T144C,c.144T>C,143,exon_7,44,T,C,False,,,
T144G,c.144T>G,143,exon_7,44,T,G,False,,,
T145A,c.145T>A,144,exon_7,45,T,A,False,,,
T145C,c.145T>C,144,exon_7,45,T,C,False,,,
T145G,c.145T>G,144,exon_7,45,T,G,False,,,
A146C,c.146A>C,145,exon_7,46,A,C,False,,,
A146G,c.146A>G,145,exon_7,46,A,G,False,,,
A146T,c.146A>T,145,exon_7,46,A,T,False,,,
C147A,c.147C>A,146,exon_7,47,C,A,False,,,
C147G,c.147C>G,146,exon_7,47,C,G,False,,,
C147T,c.147C>T,146,exon_7,47,C,T,False,,,
T148A,c.148T>A,147,exon_7,48,T,A,False,,,
T148C,c.148T>C,147,exon_7,48,T,C,False,,,
T148G,c.148T>G,147,exon_7,48,T,G,False,,,
A149C,c.149A>C,148,exon_7,49,A,C,False,,,
A149G,c.149A>G,148,exon_7,49,A,G,False,,,
A149T,c.149A>T,148,exon_7,49,A,T,False,,,
C150A,c.150C>A,149,exon_7,50,C,A,False,,,
C150G,c.150C>G,149,exon_7,50,C,G,False,,,
C150T,c.150C>T,149,exon_7,50,C,T,False,,,
A151C,c.151A>C,150,exon_7,51,A,C,False,,,
A151G,c.151A>G,150,exon_7,51,A,G,False,,,
A151T,c.151A>T,150,exon_7,51,A,T,False,,,
T152A,c.152T>A,151,exon_7,52,T,A,False,,,
T152C,c.152T>C,151,exon_7,52,T,C,False,,,
T152G,c.152T>G,151,exon_7,52,T,G,False,,,
A153C,c.153A>C,152,exon_7,53,A,C,False,,,
A153G,c.153A>G,152,exon_7,53,A,G,False,,,
A153T,c.153A>T,152,exon_7,53,A,T,False,,,
C154A,c.154C>A,153,exon_7,54,C,A,False,,,
C154G,c.154C>G,153,exon_7,54,C,G,False,,,
C154T,c.154C>T,153,exon_7,54,C,T,False,,,
T155A,c.155T>A,154,intron_7,1,T,A,False,,,
T155C,c.155T>C,154,intron_7,1,T,C,False,,,
T155G,c.155T>G,154,intron_7,1,T,G,False,,,
A156C,c.156A>C,155,intron_7,2,A,C,False,,,
A156G,c.156A>G,155,intron_7,2,A,G,False,,,
A156T,c.156A>T,155,intron_7,2,A,T,False,,,
A157C,c.157A>C,156,intron_7,3,A,C,False,,,
A157G,c.157A>G,156,intron_7,3,A,G,False,,,
A157T,c.157A>T,156,intron_7,3,A,T,False,,,
A158C,c.158A>C,157,intron_7,4,A,C,False,,,
A158G,c.158A>G,157,intron_7,4,A,G,False,,,
A158T,c.158A>T,157,intron_7,4,A,T,False,,,
T159A,c.159T>A,158,intron_7,5,T,A,False,,,
T159C,c.159T>C,158,intron_7,5,T,C,False,,,
T159G,c.159T>G,158,intron_7,5,T,G,False,,,
G160A,c.160G>A,159,intron_7,6,G,A,False,,,
G160C,c.160G>C,159,intron_7,6,G,C,False,,,
G160T,c.160G>T,159,intron_7,6,G,T,False,,,
G161A,c.161G>A,160,intron_7,7,G,A,False,,,
G161C,c.161G>C,160,intron_7,7,G,C,False,,,
G161T,c.161G>T,160,intron_7,7,G,T,False,,,
T162A,c.162T>A,161,intron_7,8,T,A,False,,,
T162C,c.162T>C,161,intron_7,8,T,C,False,,,
T162G,c.162T>G,161,intron_7,8,T,G,False,,,
A163C,c.163A>C,162,intron_7,9,A,C,False,,,
A163G,c.163A>G,162,intron_7,9,A,G,False,,,
A163T,c.163A>T,162,intron_7,9,A,T,False,,,
A164C,c.164A>C,163,intron_7,10,A,C,False,,,
A164G,c.164A>G,163,intron_7,10,A,G,False,,,
A164T,c.164A>T,163,intron_7,10,A,T,False,,,
G165A,c.165G>A,164,intron_7,11,G,A,False,,,
G165C,c.165G>C,164,intron_7,11,G,C,False,,,
G165T,c.165G>T,164,intron_7,11,G,T,False,,,
T166A,c.166T>A,165,intron_7,12,T,A,False,,,
T166C,c.166T>C,165,intron_7,12,T,C,False,,,
T166G,c.166T>G,165,intron_7,12,T,G,False,,,
C167A,c.167C>A,166,intron_7,13,C,A,False,,,
C167G,c.167C>G,166,intron_7,13,C,G,False,,,
C167T,c.167C>T,166,intron_7,13,C,T,False,,,
A168C,c.168A>C,167,intron_7,14,A,C,False,,,
A168G,c.168A>G,167,intron_7,14,A,G,False,,,
A168T,c.168A>T,167,intron_7,14,A,T,False,,,
T169A,c.169T>A,168,intron_7,15,T,A,False,,,
T169C,c.169T>C,168,intron_7,15,T,C,False,,,
T169G,c.169T>G,168,intron_7,15,T,G,False,,,
T170A,c.170T>A,169,intron_7,16,T,A,False,,,
T170C,c.170T>C,169,intron_7,16,T,C,False,,,
T170G,c.170T>G,169,intron_7,16,T,G,False,,,
T171A,c.171T>A,170,intron_7,17,T,A,False,,,
T171C,c.171T>C,170,intron_7,17,T,C,False,,,
T171G,c.171T>G,170,intron_7,17,T,G,False,,,
T172A,c.172T>A,171,intron_7,18,T,A,False,,,
T172C,c.172T>C,171,intron_7,18,T,C,False,,,
T172G,c.172T>G,171,intron_7,18,T,G,False,,,
T173A,c.173T>A,172,intron_7,19,T,A,False,,,
T173C,c.173T>C,172,intron_7,19,T,C,False,,,
T173G,c.173T>G,172,intron_7,19,T,G,False,,,
A174C,c.174A>C,173,intron_7,20,A,C,False,,,
A174G,c.174A>G,173,intron_7,20,A,G,False,,,
A174T,c.174A>T,173,intron_7,20,A,T,False,,,
A175C,c.175A>C,174,intron_7,21,A,C,False,,,
A175G,c.175A>G,174,intron_7,21,A,G,False,,,
A175T,c.175A>T,174,intron_7,21,A,T,False,,,
A176C,c.176A>C,175,intron_7,22,A,C,False,,,
A176G,c.176A>G,175,intron_7,22,A,G,False,,,
A176T,c.176A>T,175,intron_7,22,A,T,False,,,
T177A,c.177T>A,176,intron_7,23,T,A,False,,,
T177C,c.177T>C,176,intron_7,23,T,C,False,,,
T177G,c.177T>G,176,intron_7,23,T,G,False,,,
A178C,c.178A>C,177,intron_7,24,A,C,False,,,
A178G,c.178A>G,177,intron_7,24,A,G,False,,,
A178T,c.178A>T,177,intron_7,24,A,T,False,,,
T179A,c.179T>A,178,intron_7,25,T,A,False,,,
T179C,c.179T>C,178,intron_7,25,T,C,False,,,
T179G,c.179T>G,178,intron_7,25,T,G,False,,,
T180A,c.180T>A,179,intron_7,26,T,A,False,,,
T180C,c.180T>C,179,intron_7,26,T,C,False,,,
T180G,c.180T>G,179,intron_7,26,T,G,False,,,
G181A,c.181G>A,180,intron_7,27,G,A,False,,,
G181C,c.181G>C,180,intron_7,27,G,C,False,,,
G181T,c.181G>T,180,intron_7,27,G,T,False,,,
A182C,c.182A>C,181,intron_7,28,A,C,False,,,
A182G,c.182A>G,181,intron_7,28,A,G,False,,,
A182T,c.182A>T,181,intron_7,28,A,T,False,,,
A183C,c.183A>C,182,intron_7,29,A,C,False,,,
A183G,c.183A>G,182,intron_7,29,A,G,False,,,
A183T,c.183A>T,182,intron_7,29,A,T,False,,,
A184C,c.184A>C,183,intron_7,30,A,C,False,,,
A184G,c.184A>G,183,intron_7,30,A,G,False,,,
A184T,c.184A>T,183,intron_7,30,A,T,False,,,
T185A,c.185T>A,184,intron_7,31,T,A,False,,,
T185C,c.185T>C,184,intron_7,31,T,C,False,,,
T185G,c.185T>G,184,intron_7,31,T,G,False,,,
T186A,c.186T>A,185,intron_7,32,T,A,False,,,
T186C,c.186T>C,185,intron_7,32,T,C,False,,,
T186G,c.186T>G,185,intron_7,32,T,G,False,,,
T187A,c.187T>A,186,intron_7,33,T,A,False,,,
T187C,c.187T>C,186,intron_7,33,T,C,False,,,
T187G,c.187T>G,186,intron_7,33,T,G,False,,,
A188C,c.188A>C,187,intron_7,34,A,C,False,,,
A188G,c.188A>G,187,intron_7,34,A,G,False,,,
A188T,c.188A>T,187,intron_7,34,A,T,False,,,
T189A,c.189T>A,188,intron_7,35,T,A,False,,,
T189C,c.189T>C,188,intron_7,35,T,C,False,,,
T189G,c.189T>G,188,intron_7,35,T,G,False,,,
T190A,c.190T>A,189,intron_7,36,T,A,False,,,
T190C,c.190T>C,189,intron_7,36,T,C,False,,,
T190G,c.190T>G,189,intron_7,36,T,G,False,,,
T191A,c.191T>A,190,intron_7,37,T,A,False,,,
T191C,c.191T>C,190,intron_7,37,T,C,False,,,
T191G,c.191T>G,190,intron_7,37,T,G,False,,,
T192A,c.192T>A,191,intron_7,38,T,A,False,,,
T192C,c.192T>C,191,intron_7,38,T,C,False,,,
T192G,c.192T>G,191,intron_7,38,T,G,False,,,
A193C,c.193A>C,192,intron_7,39,A,C,False,,,
A193G,c.193A>G,192,intron_7,39,A,G,False,,,
A193T,c.193A>T,192,intron_7,39,A,T,False,,,
A194C,c.194A>C,193,intron_7,40,A,C,False,,,
A194G,c.194A>G,193,intron_7,40,A,G,False,,,
A194T,c.194A>T,193,intron_7,40,A,T,False,,,
T195A,c.195T>A,194,intron_7,41,T,A,False,,,
T195C,c.195T>C,194,intron_7,41,T,C,False,,,
T195G,c.195T>G,194,intron_7,41,T,G,False,,,
C196A,c.196C>A,195,intron_7,42,C,A,False,,,
C196G,c.196C>G,195,intron_7,42,C,G,False,,,
C196T,c.196C>T,195,intron_7,42,C,T,False,,,
T197A,c.197T>A,196,intron_7,43,T,A,False,,,
T197C,c.197T>C,196,intron_7,43,T,C,False,,,
T197G,c.197T>G,196,intron_7,43,T,G,False,,,
C198A,c.198C>A,197,intron_7,44,C,A,False,,,
C198G,c.198C>G,197,intron_7,44,C,G,False,,,
C198T,c.198C>T,197,intron_7,44,C,T,False,,,
T199A,c.199T>A,198,intron_7,45,T,A,False,,,
T199C,c.199T>C,198,intron_7,45,T,C,False,,,
T199G,c.199T>G,198,intron_7,45,T,G,False,,,
A200C,c.200A>C,199,intron_7,46,A,C,False,,,
A200G,c.200A>G,199,intron_7,46,A,G,False,,,
A200T,c.200A>T,199,intron_7,46,A,T,False,,,
T201A,c.201T>A,200,intron_7,47,T,A,False,,,
T201C,c.201T>C,200,intron_7,47,T,C,False,,,
T201G,c.201T>G,200,intron_7,47,T,G,False,,,
T202A,c.202T>A,201,intron_7,48,T,A,False,,,
T202C,c.202T>C,201,intron_7,48,T,C,False,,,
T202G,c.202T>G,201,intron_7,48,T,G,False,,,
T203A,c.203T>A,202,intron_7,49,T,A,False,,,
T203C,c.203T>C,202,intron_7,49,T,C,False,,,
T203G,c.203T>G,202,intron_7,49,T,G,False,,,
A204C,c.204A>C,203,intron_7,50,A,C,False,,,
A204G,c.204A>G,203,intron_7,50,A,G,False,,,
A204T,c.204A>T,203,intron_7,50,A,T,False,,,
T205A,c.205T>A,204,intron_7,51,T,A,False,,,
T205C,c.205T>C,204,intron_7,51,T,C,False,,,
T205G,c.205T>G,204,intron_7,51,T,G,False,,,
T206A,c.206T>A,205,intron_7,52,T,A,False,,,
T206C,c.206T>C,205,intron_7,52,T,C,False,,,
T206G,c.206T>G,205,intron_7,52,T,G,False,,,
T207A,c.207T>A,206,intron_7,53,T,A,False,,,
T207C,c.207T>C,206,intron_7,53,T,C,False,,,
T207G,c.207T>G,206,intron_7,53,T,G,False,,,
A208C,c.208A>C,207,intron_7,54,A,C,False,,,
A208G,c.208A>G,207,intron_7,54,A,G,False,,,
A208T,c.208A>T,207,intron_7,54,A,T,False,,,
G209A,c.209G>A,208,intron_7,55,G,A,False,,,
G209C,c.209G>C,208,intron_7,55,G,C,False,,,
G209T,c.209G>T,208,intron_7,55,G,T,False,,,
T210A,c.210T>A,209,intron_7,56,T,A,False,,,
T210C,c.210T>C,209,intron_7,56,T,C,False,,,
T210G,c.210T>G,209,intron_7,56,T,G,False,,,
A211C,c.211A>C,210,intron_7,57,A,C,False,,,
A211G,c.211A>G,210,intron_7,57,A,G,False,,,
A211T,c.211A>T,210,intron_7,57,A,T,False,,,
T212A,c.212T>A,211,intron_7,58,T,A,False,,,
T212C,c.212T>C,211,intron_7,58,T,C,False,,,
T212G,c.212T>G,211,intron_7,58,T,G,False,,,
T213A,c.213T>A,212,intron_7,59,T,A,False,,,
T213C,c.213T>C,212,intron_7,59,T,C,False,,,
T213G,c.213T>G,212,intron_7,59,T,G,False,,,
T214A,c.214T>A,213,intron_7,60,T,A,False,,,
T214C,c.214T>C,213,intron_7,60,T,C,False,,,
T214G,c.214T>G,213,intron_7,60,T,G,False,,,
A215C,c.215A>C,214,intron_7,61,A,C,False,,,
A215G,c.215A>G,214,intron_7,61,A,G,False,,,
A215T,c.215A>T,214,intron_7,61,A,T,False,,,
T216A,c.216T>A,215,intron_7,62,T,A,False,,,
T216C,c.216T>C,215,intron_7,62,T,C,False,,,
T216G,c.216T>G,215,intron_7,62,T,G,False,,,
A217C,c.217A>C,216,intron_7,63,A,C,False,,,
A217G,c.217A>G,216,intron_7,63,A,G,False,,,
A217T,c.217A>T,216,intron_7,63,A,T,False,,,
C218A,c.218C>A,217,intron_7,64,C,A,False,,,
C218G,c.218C>G,217,intron_7,64,C,G,False,,,
C218T,c.218C>T,217,intron_7,64,C,T,False,,,
T219A,c.219T>A,218,intron_7,65,T,A,False,,,
T219C,c.219T>C,218,intron_7,65,T,C,False,,,
T219G,c.219T>G,218,intron_7,65,T,G,False,,,
G220A,c.220G>A,219,intron_7,66,G,A,False,,,
G220C,c.220G>C,219,intron_7,66,G,C,False,,,
G220T,c.220G>T,219,intron_7,66,G,T,False,,,
T221A,c.221T>A,220,intron_7,67,T,A,False,,,
T221C,c.221T>C,220,intron_7,67,T,C,False,,,
T221G,c.221T>G,220,intron_7,67,T,G,False,,,
A222C,c.222A>C,221,intron_7,68,A,C,False,,,
A222G,c.222A>G,221,intron_7,68,A,G,False,,,
A222T,c.222A>T,221,intron_7,68,A,T,False,,,
A223C,c.223A>C,222,intron_7,69,A,C,False,,,
A223G,c.223A>G,222,intron_7,69,A,G,False,,,
A223T,c.223A>T,222,intron_7,69,A,T,False,,,
A224C,c.224A>C,223,intron_7,70,A,C,False,,,
A224G,c.224A>G,223,intron_7,70,A,G,False,,,
A224T,c.224A>T,223,intron_7,70,A,T,False,,,
T225A,c.225T>A,224,intron_7,71,T,A,False,,,
T225C,c.225T>C,224,intron_7,71,T,C,False,,,
T225G,c.225T>G,224,intron_7,71,T,G,False,,,
A226C,c.226A>C,225,intron_7,72,A,C,False,,,
A226G,c.226A>G,225,intron_7,72,A,G,False,,,
A226T,c.226A>T,225,intron_7,72,A,T,False,,,
T227A,c.227T>A,226,intron_7,73,T,A,False,,,
T227C,c.227T>C,226,intron_7,73,T,C,False,,,
T227G,c.227T>G,226,intron_7,73,T,G,False,,,
T228A,c.228T>A,227,intron_7,74,T,A,False,,,
T228C,c.228T>C,227,intron_7,74,T,C,False,,,
T228G,c.228T>G,227,intron_7,74,T,G,False,,,
T229A,c.229T>A,228,intron_7,75,T,A,False,,,
T229C,c.229T>C,228,intron_7,75,T,C,False,,,
T229G,c.229T>G,228,intron_7,75,T,G,False,,,
T230A,c.230T>A,229,intron_7,76,T,A,False,,,
T230C,c.230T>C,229,intron_7,76,T,C,False,,,
T230G,c.230T>G,229,intron_7,76,T,G,False,,,
T231A,c.231T>A,230,intron_7,77,T,A,False,,,
T231C,c.231T>C,230,intron_7,77,T,C,False,,,
T231G,c.231T>G,230,intron_7,77,T,G,False,,,
C232A,c.232C>A,231,intron_7,78,C,A,False,,,
C232G,c.232C>G,231,intron_7,78,C,G,False,,,
C232T,c.232C>T,231,intron_7,78,C,T,False,,,
T233A,c.233T>A,232,intron_7,79,T,A,False,,,
T233C,c.233T>C,232,intron_7,79,T,C,False,,,
T233G,c.233T>G,232,intron_7,79,T,G,False,,,
T234A,c.234T>A,233,intron_7,80,T,A,False,,,
T234C,c.234T>C,233,intron_7,80,T,C,False,,,
T234G,c.234T>G,233,intron_7,80,T,G,False,,,
T235A,c.235T>A,234,intron_7,81,T,A,False,,,
T235C,c.235T>C,234,intron_7,81,T,C,False,,,
T235G,c.235T>G,234,intron_7,81,T,G,False,,,
T236A,c.236T>A,235,intron_7,82,T,A,False,,,
T236C,c.236T>C,235,intron_7,82,T,C,False,,,
T236G,c.236T>G,235,intron_7,82,T,G,False,,,
T237A,c.237T>A,236,intron_7,83,T,A,False,,,
T237C,c.237T>C,236,intron_7,83,T,C,False,,,
T237G,c.237T>G,236,intron_7,83,T,G,False,,,
A238C,c.238A>C,237,intron_7,84,A,C,False,,,
A238G,c.238A>G,237,intron_7,84,A,G,False,,,
A238T,c.238A>T,237,intron_7,84,A,T,False,,,
T239A,c.239T>A,238,intron_7,85,T,A,False,,,
T239C,c.239T>C,238,intron_7,85,T,C,False,,,
T239G,c.239T>G,238,intron_7,85,T,G,False,,,
T240A,c.240T>A,239,intron_7,86,T,A,False,,,
T240C,c.240T>C,239,intron_7,86,T,C,False,,,
T240G,c.240T>G,239,intron_7,86,T,G,False,,,
T241A,c.241T>A,240,intron_7,87,T,A,False,,,
T241C,c.241T>C,240,intron_7,87,T,C,False,,,
T241G,c.241T>G,240,intron_7,87,T,G,False,,,
T242A,c.242T>A,241,intron_7,88,T,A,False,,,
T242C,c.242T>C,241,intron_7,88,T,C,False,,,
T242G,c.242T>G,241,intron_7,88,T,G,False,,,
G243A,c.243G>A,242,intron_7,89,G,A,False,,,
G243C,c.243G>C,242,intron_7,89,G,C,False,,,
G243T,c.243G>T,242,intron_7,89,G,T,False,,,
A244C,c.244A>C,243,intron_7,90,A,C,False,,,
A244G,c.244A>G,243,intron_7,90,A,G,False,,,
A244T,c.244A>T,243,intron_7,90,A,T,False,,,
A245C,c.245A>C,244,intron_7,91,A,C,False,,,
A245G,c.245A>G,244,intron_7,91,A,G,False,,,
A245T,c.245A>T,244,intron_7,91,A,T,False,,,
A246C,c.246A>C,245,intron_7,92,A,C,False,,,
A246G,c.246A>G,245,intron_7,92,A,G,False,,,
A246T,c.246A>T,245,intron_7,92,A,T,False,,,
A247C,c.247A>C,246,intron_7,93,A,C,False,,,
A247G,c.247A>G,246,intron_7,93,A,G,False,,,
A247T,c.247A>T,246,intron_7,93,A,T,False,,,
T248A,c.248T>A,247,intron_7,94,T,A,False,,,
T248C,c.248T>C,247,intron_7,94,T,C,False,,,
T248G,c.248T>G,247,intron_7,94,T,G,False,,,
G249A,c.249G>A,248,intron_7,95,G,A,False,,,
G249C,c.249G>C,248,intron_7,95,G,C,False,,,
G249T,c.249G>T,248,intron_7,95,G,T,False,,,
T250A,c.250T>A,249,intron_7,96,T,A,False,,,
T250C,c.250T>C,249,intron_7,96,T,C,False,,,
T250G,c.250T>G,249,intron_7,96,T,G,False,,,
T251A,c.251T>A,250,intron_7,97,T,A,False,,,
T251C,c.251T>C,250,intron_7,97,T,C,False,,,
T251G,c.251T>G,250,intron_7,97,T,G,False,,,
T252A,c.252T>A,251,intron_7,98,T,A,False,,,
T252C,c.252T>C,251,intron_7,98,T,C,False,,,
T252G,c.252T>G,251,intron_7,98,T,G,False,,,
T253A,c.253T>A,252,intron_7,99,T,A,False,,,
T253C,c.253T>C,252,intron_7,99,T,C,False,,,
T253G,c.253T>G,252,intron_7,99,T,G,False,,,
T254A,c.254T>A,253,intron_7,100,T,A,False,,,
T254C,c.254T>C,253,intron_7,100,T,C,False,,,
T254G,c.254T>G,253,intron_7,100,T,G,False,,,
A255C,c.255A>C,254,intron_7,101,A,C,False,,,
A255G,c.255A>G,254,intron_7,101,A,G,False,,,
A255T,c.255A>T,254,intron_7,101,A,T,False,,,
T256A,c.256T>A,255,intron_7,102,T,A,False,,,
T256C,c.256T>C,255,intron_7,102,T,C,False,,,
T256G,c.256T>G,255,intron_7,102,T,G,False,,,
T257A,c.257T>A,256,intron_7,103,T,A,False,,,
T257C,c.257T>C,256,intron_7,103,T,C,False,,,
T257G,c.257T>G,256,intron_7,103,T,G,False,,,
T258A,c.258T>A,257,intron_7,104,T,A,False,,,
T258C,c.258T>C,257,intron_7,104,T,C,False,,,
T258G,c.258T>G,257,intron_7,104,T,G,False,,,
T259A,c.259T>A,258,intron_7,105,T,A,False,,,
T259C,c.259T>C,258,intron_7,105,T,C,False,,,
T259G,c.259T>G,258,intron_7,105,T,G,False,,,
T260A,c.260T>A,259,intron_7,106,T,A,False,,,
T260C,c.260T>C,259,intron_7,106,T,C,False,,,
T260G,c.260T>G,259,intron_7,106,T,G,False,,,
T261A,c.261T>A,260,intron_7,107,T,A,False,,,
T261C,c.261T>C,260,intron_7,107,T,C,False,,,
T261G,c.261T>G,260,intron_7,107,T,G,False,,,
T262A,c.262T>A,261,intron_7,108,T,A,False,,,
T262C,c.262T>C,261,intron_7,108,T,C,False,,,
T262G,c.262T>G,261,intron_7,108,T,G,False,,,
T263A,c.263T>A,262,intron_7,109,T,A,False,,,
T263C,c.263T>C,262,intron_7,109,T,C,False,,,
T263G,c.263T>G,262,intron_7,109,T,G,False,,,
